Taxonomy Path	Value1 (Category)	Value3 (Group)	Value4 (Spec)
Photography>>Cameras>>Mirrorless Cameras	Mirrorless Cameras	General	Color
Photography>>Cameras>>Mirrorless Cameras	Mirrorless Cameras	General	Shoe Mount
Photography>>Cameras>>Mirrorless Cameras	Mirrorless Cameras	General	Tripod Mounting Thread
Photography>>Cameras>>Mirrorless Cameras	Mirrorless Cameras	General	Operating Conditions
Photography>>Cameras>>Mirrorless Cameras	Mirrorless Cameras	General	Image Processor
Photography>>Cameras>>Mirrorless Cameras	Mirrorless Cameras	Imaging	Lens Mount
Photography>>Cameras>>Mirrorless Cameras	Mirrorless Cameras	Imaging	Sensor Resolution
Photography>>Cameras>>Mirrorless Cameras	Mirrorless Cameras	Imaging	Image Sensor
Photography>>Cameras>>Mirrorless Cameras	Mirrorless Cameras	Imaging	Image Stabilization
Photography>>Cameras>>Mirrorless Cameras	Mirrorless Cameras	Imaging	Built-In ND Filter
Photography>>Cameras>>Mirrorless Cameras	Mirrorless Cameras	Imaging	Capture Type
Photography>>Cameras>>Mirrorless Cameras	Mirrorless Cameras	Exposure Control	Shutter Type
Photography>>Cameras>>Mirrorless Cameras	Mirrorless Cameras	Exposure Control	Shutter Speed
Photography>>Cameras>>Mirrorless Cameras	Mirrorless Cameras	Exposure Control	Bulb/Time Mode
Photography>>Cameras>>Mirrorless Cameras	Mirrorless Cameras	Exposure Control	ISO/Gain Sensitivity
Photography>>Cameras>>Mirrorless Cameras	Mirrorless Cameras	Exposure Control	Metering Method
Photography>>Cameras>>Mirrorless Cameras	Mirrorless Cameras	Exposure Control	Exposure Modes
Photography>>Cameras>>Mirrorless Cameras	Mirrorless Cameras	Exposure Control	Exposure Compensation
Photography>>Cameras>>Mirrorless Cameras	Mirrorless Cameras	Exposure Control	White Balance
Photography>>Cameras>>Mirrorless Cameras	Mirrorless Cameras	Exposure Control	Continuous Shooting
Photography>>Cameras>>Mirrorless Cameras	Mirrorless Cameras	Exposure Control	Interval Recording
Photography>>Cameras>>Mirrorless Cameras	Mirrorless Cameras	Exposure Control	Self-Timer
Photography>>Cameras>>Mirrorless Cameras	Mirrorless Cameras	Still Image Capture	Aspect Ratio
Photography>>Cameras>>Mirrorless Cameras	Mirrorless Cameras	Still Image Capture	Image File Format
Photography>>Cameras>>Mirrorless Cameras	Mirrorless Cameras	Still Image Capture	Bit Depth
Photography>>Cameras>>Mirrorless Cameras	Mirrorless Cameras	Video Capture	Internal Recording Modes
Photography>>Cameras>>Mirrorless Cameras	Mirrorless Cameras	Video Capture	External Recording Modes
Photography>>Cameras>>Mirrorless Cameras	Mirrorless Cameras	Video Capture	Fast-/Slow-Motion Support
Photography>>Cameras>>Mirrorless Cameras	Mirrorless Cameras	Video Capture	Recording Limit
Photography>>Cameras>>Mirrorless Cameras	Mirrorless Cameras	Video Capture	IP Streaming
Photography>>Cameras>>Mirrorless Cameras	Mirrorless Cameras	Video Capture	Built-In Microphone
Photography>>Cameras>>Mirrorless Cameras	Mirrorless Cameras	Video Capture	Audio Recording
Photography>>Cameras>>Mirrorless Cameras	Mirrorless Cameras	Interface	Media/Memory Card Slot
Photography>>Cameras>>Mirrorless Cameras	Mirrorless Cameras	Interface	Video I/O
Photography>>Cameras>>Mirrorless Cameras	Mirrorless Cameras	Interface	Audio I/O
Photography>>Cameras>>Mirrorless Cameras	Mirrorless Cameras	Interface	Power I/O
Photography>>Cameras>>Mirrorless Cameras	Mirrorless Cameras	Interface	Other I/O
Photography>>Cameras>>Mirrorless Cameras	Mirrorless Cameras	Interface	Wireless
Photography>>Cameras>>Mirrorless Cameras	Mirrorless Cameras	Interface	Mobile App Compatible
Photography>>Cameras>>Mirrorless Cameras	Mirrorless Cameras	Interface	Location Tracking
Photography>>Cameras>>Mirrorless Cameras	Mirrorless Cameras	Monitor	Display Size
Photography>>Cameras>>Mirrorless Cameras	Mirrorless Cameras	Monitor	Resolution
Photography>>Cameras>>Mirrorless Cameras	Mirrorless Cameras	Monitor	Display Type
Photography>>Cameras>>Mirrorless Cameras	Mirrorless Cameras	Viewfinder	Type
Photography>>Cameras>>Mirrorless Cameras	Mirrorless Cameras	Viewfinder	Size
Photography>>Cameras>>Mirrorless Cameras	Mirrorless Cameras	Viewfinder	Resolution
Photography>>Cameras>>Mirrorless Cameras	Mirrorless Cameras	Viewfinder	Eye Point
Photography>>Cameras>>Mirrorless Cameras	Mirrorless Cameras	Viewfinder	Coverage
Photography>>Cameras>>Mirrorless Cameras	Mirrorless Cameras	Viewfinder	Magnification
Photography>>Cameras>>Mirrorless Cameras	Mirrorless Cameras	Viewfinder	Diopter Adjustment
Photography>>Cameras>>Mirrorless Cameras	Mirrorless Cameras	Focus	Built-In Flash/Light
Photography>>Cameras>>Mirrorless Cameras	Mirrorless Cameras	Focus	Flash Modes
Photography>>Cameras>>Mirrorless Cameras	Mirrorless Cameras	Focus	Guide Number
Photography>>Cameras>>Mirrorless Cameras	Mirrorless Cameras	Focus	Maximum Sync Speed
Photography>>Cameras>>Mirrorless Cameras	Mirrorless Cameras	Focus	Dedicated Flash System
Photography>>Cameras>>Mirrorless Cameras	Mirrorless Cameras	Focus	External Flash Connection
Photography>>Cameras>>Mirrorless Cameras	Mirrorless Cameras	Battery	Battery Info
Photography>>Cameras>>Mirrorless Cameras	Mirrorless Cameras	Battery	Battery Material
Photography>>Cameras>>Mirrorless Cameras	Mirrorless Cameras	Battery	Battery Type
Photography>>Cameras>>Mirrorless Cameras	Mirrorless Cameras	Battery	Battery Quantity
Photography>>Cameras>>Mirrorless Cameras	Mirrorless Cameras	Physical Details	Dimensions
Photography>>Cameras>>Mirrorless Cameras	Mirrorless Cameras	Physical Details	Weight
Photography>>Tripods & Supports>>Tripods>>Photo Tripods	Photo Tripods	General	Color
Photography>>Tripods & Supports>>Tripods>>Photo Tripods	Photo Tripods	General	Load Capacity
Photography>>Tripods & Supports>>Tripods>>Photo Tripods	Photo Tripods	General	Maximum Working Height
Photography>>Tripods & Supports>>Tripods>>Photo Tripods	Photo Tripods	General	Center Column
Photography>>Tripods & Supports>>Tripods>>Photo Tripods	Photo Tripods	General	Max Height without Center Column
Photography>>Tripods & Supports>>Tripods>>Photo Tripods	Photo Tripods	General	Minimum Working Height
Photography>>Tripods & Supports>>Tripods>>Photo Tripods	Photo Tripods	General	Closed Length
Photography>>Tripods & Supports>>Tripods>>Photo Tripods	Photo Tripods	General	Accessory Mounting
Photography>>Tripods & Supports>>Tripods>>Photo Tripods	Photo Tripods	General	Bubble Level
Photography>>Tripods & Supports>>Tripods>>Photo Tripods	Photo Tripods	General	Detachable Monopod
Photography>>Tripods & Supports>>Tripods>>Photo Tripods	Photo Tripods	Legs	Head Mount Type
Photography>>Tripods & Supports>>Tripods>>Photo Tripods	Photo Tripods	Legs	Primary Material
Photography>>Tripods & Supports>>Tripods>>Photo Tripods	Photo Tripods	Legs	Leg Lock
Photography>>Tripods & Supports>>Tripods>>Photo Tripods	Photo Tripods	Legs	Leg Sections
Photography>>Tripods & Supports>>Tripods>>Photo Tripods	Photo Tripods	Legs	Independent Leg Spread
Photography>>Tripods & Supports>>Tripods>>Photo Tripods	Photo Tripods	Legs	Leg Positions
Photography>>Tripods & Supports>>Tripods>>Photo Tripods	Photo Tripods	Pan & Tilt	Drag Control
Photography>>Tripods & Supports>>Tripods>>Photo Tripods	Photo Tripods	Pan & Tilt	Independent Pan Lock
Photography>>Tripods & Supports>>Tripods>>Photo Tripods	Photo Tripods	Pan & Tilt	Independent Tilt Lock
Photography>>Tripods & Supports>>Tripods>>Photo Tripods	Photo Tripods	Pan & Tilt	Vertical Tilt
Photography>>Tripods & Supports>>Tripods>>Photo Tripods	Photo Tripods	Pan & Tilt	Lateral Tilt
Photography>>Tripods & Supports>>Tripods>>Photo Tripods	Photo Tripods	Head	Camera Mounting
Photography>>Tripods & Supports>>Tripods>>Photo Tripods	Photo Tripods	Head	Head Type
Photography>>Tripods & Supports>>Tripods>>Photo Tripods	Photo Tripods	Head	Base Mount
Photography>>Tripods & Supports>>Tripods>>Photo Tripods	Photo Tripods	Physical Details	Weight
Photography>>Tripods & Supports>>Tripods>>Photo Tripods	Photo Tripods	Physical Details	Dimensions
Photography>>Lenses>>Mirrorless Lenses	Mirrorless Lenses	General	Lens Mount
Photography>>Lenses>>Mirrorless Lenses	Mirrorless Lenses	General	Lens Format
Photography>>Lenses>>Mirrorless Lenses	Mirrorless Lenses	General	Zoom Focal Length
Photography>>Lenses>>Mirrorless Lenses	Mirrorless Lenses	General	Fixed Focal Length
Photography>>Lenses>>Mirrorless Lenses	Mirrorless Lenses	General	Focus Type
Photography>>Lenses>>Mirrorless Lenses	Mirrorless Lenses	General	Aperture
Photography>>Lenses>>Mirrorless Lenses	Mirrorless Lenses	General	Lens Type
Photography>>Lenses>>Mirrorless Lenses	Mirrorless Lenses	General	Kit Style
Photography>>Lenses>>Mirrorless Lenses	Mirrorless Lenses	General	Compatibility
Photography>>Lenses>>Mirrorless Lenses	Mirrorless Lenses	General	Lens Series
Photography>>Lenses>>Mirrorless Lenses	Mirrorless Lenses	General	Special Features
Photography>>Lenses>>Mirrorless Lenses	Mirrorless Lenses	General	Filter Size
Photography>>Lenses>>Mirrorless Lenses	Mirrorless Lenses	General	Focus Distance
Photography>>Lenses>>Mirrorless Lenses	Mirrorless Lenses	General	Filter Diameter
Photography>>Lenses>>Mirrorless Lenses	Mirrorless Lenses	General	Image Stabilization
Photography>>Lenses>>Mirrorless Lenses	Mirrorless Lenses	General	Angle of View
Photography>>Lenses>>Mirrorless Lenses	Mirrorless Lenses	General	Accepts Teleconverters
Photography>>Lenses>>Mirrorless Lenses	Mirrorless Lenses	General	Internal Zoom
Photography>>Lenses>>Mirrorless Lenses	Mirrorless Lenses	General	Requires Rear Filters
Photography>>Lenses>>Mirrorless Lenses	Mirrorless Lenses	Physical Details	Weight
Photography>>Lenses>>Mirrorless Lenses	Mirrorless Lenses	Physical Details	Dimensions

Musical Instruments>>Guitars>>Electric Guitars	Electric Guitars	General	Color
Musical Instruments>>Guitars>>Electric Guitars	Electric Guitars	General	Model / Series
Musical Instruments>>Guitars>>Electric Guitars	Electric Guitars	General	Artist / Signature
Musical Instruments>>Guitars>>Electric Guitars	Electric Guitars	General	Orientation
Musical Instruments>>Guitars>>Electric Guitars	Electric Guitars	General	Number of Strings
Musical Instruments>>Guitars>>Electric Guitars	Electric Guitars	Body	Body Type
Musical Instruments>>Guitars>>Electric Guitars	Electric Guitars	Body	Body Shape
Musical Instruments>>Guitars>>Electric Guitars	Electric Guitars	Body	Body Material
Musical Instruments>>Guitars>>Electric Guitars	Electric Guitars	Body	Top Material
Musical Instruments>>Guitars>>Electric Guitars	Electric Guitars	Body	Guitar Finish
Musical Instruments>>Guitars>>Electric Guitars	Electric Guitars	Body	Body Binding
Musical Instruments>>Guitars>>Electric Guitars	Electric Guitars	Neck	Neck Material
Musical Instruments>>Guitars>>Electric Guitars	Electric Guitars	Neck	Neck Construction
Musical Instruments>>Guitars>>Electric Guitars	Electric Guitars	Neck	Neck Finish
Musical Instruments>>Guitars>>Electric Guitars	Electric Guitars	Neck	Neck Shape
Musical Instruments>>Guitars>>Electric Guitars	Electric Guitars	Neck	Neck Binding
Musical Instruments>>Guitars>>Electric Guitars	Electric Guitars	Neck	Scale Length
Musical Instruments>>Guitars>>Electric Guitars	Electric Guitars	Neck	Fingerboard Material
Musical Instruments>>Guitars>>Electric Guitars	Electric Guitars	Neck	Fingerboard Radius
Musical Instruments>>Guitars>>Electric Guitars	Electric Guitars	Neck	Number of Frets
Musical Instruments>>Guitars>>Electric Guitars	Electric Guitars	Neck	Fret Size
Musical Instruments>>Guitars>>Electric Guitars	Electric Guitars	Neck	Nut Material
Musical Instruments>>Guitars>>Electric Guitars	Electric Guitars	Neck	Nut Width
Musical Instruments>>Guitars>>Electric Guitars	Electric Guitars	Neck	Position Inlays
Musical Instruments>>Guitars>>Electric Guitars	Electric Guitars	Neck	Truss Rod
Musical Instruments>>Guitars>>Electric Guitars	Electric Guitars	Neck	Truss Rod Wrench
Musical Instruments>>Guitars>>Electric Guitars	Electric Guitars	Neck	Headstock
Musical Instruments>>Guitars>>Electric Guitars	Electric Guitars	Neck	Headstock Binding
Musical Instruments>>Guitars>>Electric Guitars	Electric Guitars	Hardware	Bridge
Musical Instruments>>Guitars>>Electric Guitars	Electric Guitars	Hardware	Hardware Finish
Musical Instruments>>Guitars>>Electric Guitars	Electric Guitars	Hardware	Tuning Machines
Musical Instruments>>Guitars>>Electric Guitars	Electric Guitars	Hardware	Pickguard
Musical Instruments>>Guitars>>Electric Guitars	Electric Guitars	Hardware	Control Knobs
Musical Instruments>>Guitars>>Electric Guitars	Electric Guitars	Hardware	Switch Tip
Musical Instruments>>Guitars>>Electric Guitars	Electric Guitars	Hardware	Neck Plate
Musical Instruments>>Guitars>>Electric Guitars	Electric Guitars	Electronics	Bridge Pickup
Musical Instruments>>Guitars>>Electric Guitars	Electric Guitars	Electronics	Middle Pickup
Musical Instruments>>Guitars>>Electric Guitars	Electric Guitars	Electronics	Neck Pickup
Musical Instruments>>Guitars>>Electric Guitars	Electric Guitars	Electronics	Controls
Musical Instruments>>Guitars>>Electric Guitars	Electric Guitars	Electronics	Pickup Switching
Musical Instruments>>Guitars>>Electric Guitars	Electric Guitars	Electronics	Pickup Configuration
Musical Instruments>>Guitars>>Electric Guitars	Electric Guitars	Electronics	Special Electronics
Musical Instruments>>Guitars>>Electric Guitars	Electric Guitars	Miscellaneous	String Material
Musical Instruments>>Guitars>>Electric Guitars	Electric Guitars	Miscellaneous	Case/Gig Bag
Photography>>Tripods & Supports>>Tripods>>Video Tripods	Video Tripods	General	Color
Photography>>Tripods & Supports>>Tripods>>Video Tripods	Video Tripods	General	Load Capacity
Photography>>Tripods & Supports>>Tripods>>Video Tripods	Video Tripods	General	Maximum Working Height
Photography>>Tripods & Supports>>Tripods>>Video Tripods	Video Tripods	General	Center Column
Photography>>Tripods & Supports>>Tripods>>Video Tripods	Video Tripods	General	Max Height without Center Column
Photography>>Tripods & Supports>>Tripods>>Video Tripods	Video Tripods	General	Minimum Working Height
Photography>>Tripods & Supports>>Tripods>>Video Tripods	Video Tripods	General	Closed Length
Photography>>Tripods & Supports>>Tripods>>Video Tripods	Video Tripods	General	Accessory Mounting
Photography>>Tripods & Supports>>Tripods>>Video Tripods	Video Tripods	General	Bubble Level
Photography>>Tripods & Supports>>Tripods>>Video Tripods	Video Tripods	General	Detachable Monopod
Photography>>Tripods & Supports>>Tripods>>Video Tripods	Video Tripods	General	Spreader Support
Photography>>Tripods & Supports>>Tripods>>Video Tripods	Video Tripods	Legs	Head Mount Type
Photography>>Tripods & Supports>>Tripods>>Video Tripods	Video Tripods	Legs	Primary Material
Photography>>Tripods & Supports>>Tripods>>Video Tripods	Video Tripods	Legs	Leg Lock
Photography>>Tripods & Supports>>Tripods>>Video Tripods	Video Tripods	Legs	Leg Sections
Photography>>Tripods & Supports>>Tripods>>Video Tripods	Video Tripods	Legs	Independent Leg Spread
Photography>>Tripods & Supports>>Tripods>>Video Tripods	Video Tripods	Legs	Leg Positions
Photography>>Tripods & Supports>>Tripods>>Video Tripods	Video Tripods	Legs	Foot Features
Photography>>Tripods & Supports>>Tripods>>Video Tripods	Video Tripods	Head	Camera Mounting
Photography>>Tripods & Supports>>Tripods>>Video Tripods	Video Tripods	Head	Head Type
Photography>>Tripods & Supports>>Tripods>>Video Tripods	Video Tripods	Head	Base Mount
Photography>>Tripods & Supports>>Tripods>>Video Tripods	Video Tripods	Head	Counter Balance
Photography>>Tripods & Supports>>Tripods>>Video Tripods	Video Tripods	Pan & Tilt	Drag Control
Photography>>Tripods & Supports>>Tripods>>Video Tripods	Video Tripods	Pan & Tilt	Independent Pan Lock
Photography>>Tripods & Supports>>Tripods>>Video Tripods	Video Tripods	Pan & Tilt	Independent Tilt Lock
Photography>>Tripods & Supports>>Tripods>>Video Tripods	Video Tripods	Pan & Tilt	Vertical Tilt
Photography>>Tripods & Supports>>Tripods>>Video Tripods	Video Tripods	Pan & Tilt	Lateral Tilt
Photography>>Tripods & Supports>>Tripods>>Video Tripods	Video Tripods	Physical Details	Weight
Photography>>Tripods & Supports>>Tripods>>Video Tripods	Video Tripods	Physical Details	Dimensions
Musical Instruments>>Guitars>>Bass Guitars	Bass Guitars	General	Color
Musical Instruments>>Guitars>>Bass Guitars	Bass Guitars	General	Model / Series
Musical Instruments>>Guitars>>Bass Guitars	Bass Guitars	General	Artist / Signature
Musical Instruments>>Guitars>>Bass Guitars	Bass Guitars	General	Orientation
Musical Instruments>>Guitars>>Bass Guitars	Bass Guitars	General	Number of Strings
Musical Instruments>>Guitars>>Bass Guitars	Bass Guitars	General	Type
Musical Instruments>>Guitars>>Bass Guitars	Bass Guitars	General	Guitar Finish
Musical Instruments>>Guitars>>Bass Guitars	Bass Guitars	Body	Body Type
Musical Instruments>>Guitars>>Bass Guitars	Bass Guitars	Body	Body Shape
Musical Instruments>>Guitars>>Bass Guitars	Bass Guitars	Body	Body Material
Musical Instruments>>Guitars>>Bass Guitars	Bass Guitars	Body	Top Material
Musical Instruments>>Guitars>>Bass Guitars	Bass Guitars	Body	Body Binding
Musical Instruments>>Guitars>>Bass Guitars	Bass Guitars	Neck	Neck Material
Musical Instruments>>Guitars>>Bass Guitars	Bass Guitars	Neck	Neck Construction
Musical Instruments>>Guitars>>Bass Guitars	Bass Guitars	Neck	Neck Finish
Musical Instruments>>Guitars>>Bass Guitars	Bass Guitars	Neck	Neck Shape
Musical Instruments>>Guitars>>Bass Guitars	Bass Guitars	Neck	Neck Binding
Musical Instruments>>Guitars>>Bass Guitars	Bass Guitars	Neck	Scale Length
Musical Instruments>>Guitars>>Bass Guitars	Bass Guitars	Neck	Fingerboard Material
Musical Instruments>>Guitars>>Bass Guitars	Bass Guitars	Neck	Fingerboard Radius
Musical Instruments>>Guitars>>Bass Guitars	Bass Guitars	Neck	Number of Frets
Musical Instruments>>Guitars>>Bass Guitars	Bass Guitars	Neck	Fret Size
Musical Instruments>>Guitars>>Bass Guitars	Bass Guitars	Neck	Nut Material
Musical Instruments>>Guitars>>Bass Guitars	Bass Guitars	Neck	Nut Width
Musical Instruments>>Guitars>>Bass Guitars	Bass Guitars	Neck	Position Inlays
Musical Instruments>>Guitars>>Bass Guitars	Bass Guitars	Neck	Truss Rod
Musical Instruments>>Guitars>>Bass Guitars	Bass Guitars	Neck	Truss Rod Nut
Musical Instruments>>Guitars>>Bass Guitars	Bass Guitars	Neck	Truss Rod Wrench
Musical Instruments>>Guitars>>Bass Guitars	Bass Guitars	Neck	Headstock
Musical Instruments>>Guitars>>Bass Guitars	Bass Guitars	Neck	Headstock Binding
Musical Instruments>>Guitars>>Bass Guitars	Bass Guitars	Hardware	Bridge
Musical Instruments>>Guitars>>Bass Guitars	Bass Guitars	Hardware	Hardware Finish
Musical Instruments>>Guitars>>Bass Guitars	Bass Guitars	Hardware	Tuning Machines
Musical Instruments>>Guitars>>Bass Guitars	Bass Guitars	Hardware	Pickguard
Musical Instruments>>Guitars>>Bass Guitars	Bass Guitars	Hardware	Control Knobs
Musical Instruments>>Guitars>>Bass Guitars	Bass Guitars	Hardware	Switch Tip
Musical Instruments>>Guitars>>Bass Guitars	Bass Guitars	Hardware	Neck Plate
Musical Instruments>>Guitars>>Bass Guitars	Bass Guitars	Electronics	Pickups
Musical Instruments>>Guitars>>Bass Guitars	Bass Guitars	Electronics	Controls
Musical Instruments>>Guitars>>Bass Guitars	Bass Guitars	Electronics	Pickup Switching
Musical Instruments>>Guitars>>Bass Guitars	Bass Guitars	Electronics	Active / Passive Pickup
Musical Instruments>>Guitars>>Bass Guitars	Bass Guitars	Electronics	Pickup Configuration
Musical Instruments>>Guitars>>Bass Guitars	Bass Guitars	Electronics	Special Electronics
Musical Instruments>>Guitars>>Bass Guitars	Bass Guitars	Miscellaneous	String Material
Musical Instruments>>Guitars>>Bass Guitars	Bass Guitars	Miscellaneous	Case/Gig Bag
Musical Instruments>>Guitars>>Acoustic Electric Guitars	Acoustic Electric Guitars	General	Color
Musical Instruments>>Guitars>>Acoustic Electric Guitars	Acoustic Electric Guitars	General	Model / Series
Musical Instruments>>Guitars>>Acoustic Electric Guitars	Acoustic Electric Guitars	General	Artist / Signature
Musical Instruments>>Guitars>>Acoustic Electric Guitars	Acoustic Electric Guitars	General	Orientation
Musical Instruments>>Guitars>>Acoustic Electric Guitars	Acoustic Electric Guitars	General	Number of Strings
Musical Instruments>>Guitars>>Acoustic Electric Guitars	Acoustic Electric Guitars	General	Guitar Type
Musical Instruments>>Guitars>>Acoustic Electric Guitars	Acoustic Electric Guitars	Body	Body Material
Musical Instruments>>Guitars>>Acoustic Electric Guitars	Acoustic Electric Guitars	Body	Top Material
Musical Instruments>>Guitars>>Acoustic Electric Guitars	Acoustic Electric Guitars	Body	Guitar Finish
Musical Instruments>>Guitars>>Acoustic Electric Guitars	Acoustic Electric Guitars	Body	Body Binding
Musical Instruments>>Guitars>>Acoustic Electric Guitars	Acoustic Electric Guitars	Neck	Neck Material
Musical Instruments>>Guitars>>Acoustic Electric Guitars	Acoustic Electric Guitars	Neck	Neck Construction
Musical Instruments>>Guitars>>Acoustic Electric Guitars	Acoustic Electric Guitars	Neck	Neck Finish
Musical Instruments>>Guitars>>Acoustic Electric Guitars	Acoustic Electric Guitars	Neck	Neck Shape
Musical Instruments>>Guitars>>Acoustic Electric Guitars	Acoustic Electric Guitars	Neck	Neck Binding
Musical Instruments>>Guitars>>Acoustic Electric Guitars	Acoustic Electric Guitars	Neck	Scale Length
Musical Instruments>>Guitars>>Acoustic Electric Guitars	Acoustic Electric Guitars	Neck	Fingerboard Material
Musical Instruments>>Guitars>>Acoustic Electric Guitars	Acoustic Electric Guitars	Neck	Fingerboard Radius
Musical Instruments>>Guitars>>Acoustic Electric Guitars	Acoustic Electric Guitars	Neck	Number of Frets
Musical Instruments>>Guitars>>Acoustic Electric Guitars	Acoustic Electric Guitars	Neck	Fret Size
Musical Instruments>>Guitars>>Acoustic Electric Guitars	Acoustic Electric Guitars	Neck	Nut Material
Musical Instruments>>Guitars>>Acoustic Electric Guitars	Acoustic Electric Guitars	Neck	Nut Width
Musical Instruments>>Guitars>>Acoustic Electric Guitars	Acoustic Electric Guitars	Neck	Position Inlays
Musical Instruments>>Guitars>>Acoustic Electric Guitars	Acoustic Electric Guitars	Neck	Truss Rod
Musical Instruments>>Guitars>>Acoustic Electric Guitars	Acoustic Electric Guitars	Neck	Truss Rod Nut
Musical Instruments>>Guitars>>Acoustic Electric Guitars	Acoustic Electric Guitars	Neck	Truss Rod Wrench
Musical Instruments>>Guitars>>Acoustic Electric Guitars	Acoustic Electric Guitars	Neck	Headstock
Musical Instruments>>Guitars>>Acoustic Electric Guitars	Acoustic Electric Guitars	Neck	Headstock Binding
Musical Instruments>>Guitars>>Acoustic Electric Guitars	Acoustic Electric Guitars	Hardware	Bridge Type
Musical Instruments>>Guitars>>Acoustic Electric Guitars	Acoustic Electric Guitars	Hardware	Hardware Finish
Musical Instruments>>Guitars>>Acoustic Electric Guitars	Acoustic Electric Guitars	Hardware	Tuning Machines
Musical Instruments>>Guitars>>Acoustic Electric Guitars	Acoustic Electric Guitars	Hardware	Pickguard
Musical Instruments>>Guitars>>Acoustic Electric Guitars	Acoustic Electric Guitars	Hardware	Control Knobs
Musical Instruments>>Guitars>>Acoustic Electric Guitars	Acoustic Electric Guitars	Electronics	Controls
Musical Instruments>>Guitars>>Acoustic Electric Guitars	Acoustic Electric Guitars	Electronics	Special Electronics
Musical Instruments>>Guitars>>Acoustic Electric Guitars	Acoustic Electric Guitars	Miscellaneous	String Material
Musical Instruments>>Guitars>>Acoustic Electric Guitars	Acoustic Electric Guitars	Miscellaneous	Case/Gig Bag
Musical Instruments>>Guitars>>Acoustic Guitars	Acoustic Guitars	General	Color
Musical Instruments>>Guitars>>Acoustic Guitars	Acoustic Guitars	General	Model / Series
Musical Instruments>>Guitars>>Acoustic Guitars	Acoustic Guitars	General	Artist / Signature
Musical Instruments>>Guitars>>Acoustic Guitars	Acoustic Guitars	General	Orientation
Musical Instruments>>Guitars>>Acoustic Guitars	Acoustic Guitars	General	Number of Strings
Musical Instruments>>Guitars>>Acoustic Guitars	Acoustic Guitars	General	Guitar Type
Musical Instruments>>Guitars>>Acoustic Guitars	Acoustic Guitars	General	Guitar Finish
Musical Instruments>>Guitars>>Acoustic Guitars	Acoustic Guitars	Body	Body Material
Musical Instruments>>Guitars>>Acoustic Guitars	Acoustic Guitars	Body	Top Material
Musical Instruments>>Guitars>>Acoustic Guitars	Acoustic Guitars	Body	Body Binding
Musical Instruments>>Guitars>>Acoustic Guitars	Acoustic Guitars	Neck	Neck Material
Musical Instruments>>Guitars>>Acoustic Guitars	Acoustic Guitars	Neck	Neck Construction
Musical Instruments>>Guitars>>Acoustic Guitars	Acoustic Guitars	Neck	Neck Finish
Musical Instruments>>Guitars>>Acoustic Guitars	Acoustic Guitars	Neck	Neck Shape
Musical Instruments>>Guitars>>Acoustic Guitars	Acoustic Guitars	Neck	Neck Binding
Musical Instruments>>Guitars>>Acoustic Guitars	Acoustic Guitars	Neck	Scale Length
Musical Instruments>>Guitars>>Acoustic Guitars	Acoustic Guitars	Neck	Fingerboard Material
Musical Instruments>>Guitars>>Acoustic Guitars	Acoustic Guitars	Neck	Fingerboard Radius
Musical Instruments>>Guitars>>Acoustic Guitars	Acoustic Guitars	Neck	Number of Frets
Musical Instruments>>Guitars>>Acoustic Guitars	Acoustic Guitars	Neck	Fret Size
Musical Instruments>>Guitars>>Acoustic Guitars	Acoustic Guitars	Neck	Nut Material
Musical Instruments>>Guitars>>Acoustic Guitars	Acoustic Guitars	Neck	Nut Width
Musical Instruments>>Guitars>>Acoustic Guitars	Acoustic Guitars	Neck	Position Inlays
Musical Instruments>>Guitars>>Acoustic Guitars	Acoustic Guitars	Neck	Truss Rod
Musical Instruments>>Guitars>>Acoustic Guitars	Acoustic Guitars	Neck	Truss Rod Nut
Musical Instruments>>Guitars>>Acoustic Guitars	Acoustic Guitars	Neck	Truss Rod Wrench
Musical Instruments>>Guitars>>Acoustic Guitars	Acoustic Guitars	Neck	Headstock
Musical Instruments>>Guitars>>Acoustic Guitars	Acoustic Guitars	Neck	Headstock Binding
Musical Instruments>>Guitars>>Acoustic Guitars	Acoustic Guitars	Hardware	Bridge Type
Musical Instruments>>Guitars>>Acoustic Guitars	Acoustic Guitars	Hardware	Hardware Finish
Musical Instruments>>Guitars>>Acoustic Guitars	Acoustic Guitars	Hardware	Tuning Machines
Musical Instruments>>Guitars>>Acoustic Guitars	Acoustic Guitars	Hardware	Pickguard
Musical Instruments>>Guitars>>Acoustic Guitars	Acoustic Guitars	Hardware	Neck Plate
Musical Instruments>>Guitars>>Acoustic Guitars	Acoustic Guitars	Electronics	Controls
Musical Instruments>>Guitars>>Acoustic Guitars	Acoustic Guitars	Electronics	Special Electronics
Musical Instruments>>Guitars>>Acoustic Guitars	Acoustic Guitars	Miscellaneous	String Material
Musical Instruments>>Guitars>>Acoustic Guitars	Acoustic Guitars	Miscellaneous	Case/Gig Bag
Photography>>Lighting & Studio>>Continuous Lighting>>LED Lighting>>Monolight Style	Monolight Style	General	Edition
Photography>>Lighting & Studio>>Continuous Lighting>>LED Lighting>>Monolight Style	Monolight Style	General	Kit Style
Photography>>Lighting & Studio>>Continuous Lighting>>LED Lighting>>Monolight Style	Monolight Style	General	Water Resistance/IP Rating
Photography>>Lighting & Studio>>Continuous Lighting>>LED Lighting>>Monolight Style	Monolight Style	General	Environmental Protection
Photography>>Lighting & Studio>>Continuous Lighting>>LED Lighting>>Monolight Style	Monolight Style	Light Fixture	Number of Heads/Lights
Photography>>Lighting & Studio>>Continuous Lighting>>LED Lighting>>Monolight Style	Monolight Style	Light Fixture	Display
Photography>>Lighting & Studio>>Continuous Lighting>>LED Lighting>>Monolight Style	Monolight Style	Light Fixture	Photometrics
Photography>>Lighting & Studio>>Continuous Lighting>>LED Lighting>>Monolight Style	Monolight Style	Light Fixture	Color Temperature
Photography>>Lighting & Studio>>Continuous Lighting>>LED Lighting>>Monolight Style	Monolight Style	Light Fixture	Color Temperature Range
Photography>>Lighting & Studio>>Continuous Lighting>>LED Lighting>>Monolight Style	Monolight Style	Light Fixture	Color Modes
Photography>>Lighting & Studio>>Continuous Lighting>>LED Lighting>>Monolight Style	Monolight Style	Light Fixture	Color Rendering Index (CRI)
Photography>>Lighting & Studio>>Continuous Lighting>>LED Lighting>>Monolight Style	Monolight Style	Light Fixture	Color Quality Scale (CQS)
Photography>>Lighting & Studio>>Continuous Lighting>>LED Lighting>>Monolight Style	Monolight Style	Light Fixture	Television Lighting Consistency Index
Photography>>Lighting & Studio>>Continuous Lighting>>LED Lighting>>Monolight Style	Monolight Style	Light Fixture	Beam Angle
Photography>>Lighting & Studio>>Continuous Lighting>>LED Lighting>>Monolight Style	Monolight Style	Light Fixture	Lumens
Photography>>Lighting & Studio>>Continuous Lighting>>LED Lighting>>Monolight Style	Monolight Style	Light Fixture	Dimmable
Photography>>Lighting & Studio>>Continuous Lighting>>LED Lighting>>Monolight Style	Monolight Style	Light Fixture	Cooling
Photography>>Lighting & Studio>>Continuous Lighting>>LED Lighting>>Monolight Style	Monolight Style	Power	Power Source
Photography>>Lighting & Studio>>Continuous Lighting>>LED Lighting>>Monolight Style	Monolight Style	Power	Max Power
Photography>>Lighting & Studio>>Continuous Lighting>>LED Lighting>>Monolight Style	Monolight Style	Power	Input Voltage
Photography>>Lighting & Studio>>Continuous Lighting>>LED Lighting>>Monolight Style	Monolight Style	Power	Power Pass-Thru
Photography>>Lighting & Studio>>Continuous Lighting>>LED Lighting>>Monolight Style	Monolight Style	Connectivity	Wireless Connectivity
Photography>>Lighting & Studio>>Continuous Lighting>>LED Lighting>>Monolight Style	Monolight Style	Connectivity	Wireless Range
Photography>>Lighting & Studio>>Continuous Lighting>>LED Lighting>>Monolight Style	Monolight Style	Connectivity	Battery Connection
Photography>>Lighting & Studio>>Continuous Lighting>>LED Lighting>>Monolight Style	Monolight Style	Connectivity	Battery Chemistry
Photography>>Lighting & Studio>>Continuous Lighting>>LED Lighting>>Monolight Style	Monolight Style	Connectivity	Battery Capacity
Photography>>Lighting & Studio>>Continuous Lighting>>LED Lighting>>Monolight Style	Monolight Style	Connectivity	Battery Run Time
Photography>>Lighting & Studio>>Continuous Lighting>>LED Lighting>>Monolight Style	Monolight Style	Mounting	Front Accessory Mount
Photography>>Lighting & Studio>>Continuous Lighting>>LED Lighting>>Monolight Style	Monolight Style	Mounting	Fixture Type
Photography>>Lighting & Studio>>Continuous Lighting>>LED Lighting>>Monolight Style	Monolight Style	Mounting	Fixture Mount
Photography>>Lighting & Studio>>Continuous Lighting>>LED Lighting>>Monolight Style	Monolight Style	Mounting	Yoke Type
Photography>>Lighting & Studio>>Continuous Lighting>>LED Lighting>>Monolight Style	Monolight Style	Physical Details	Material
Photography>>Lighting & Studio>>Continuous Lighting>>LED Lighting>>Monolight Style	Monolight Style	Physical Details	Dimensions
Photography>>Lighting & Studio>>Continuous Lighting>>LED Lighting>>Monolight Style	Monolight Style	Physical Details	Weight
Photography>>Lighting & Studio>>Light Stands & Mounting>>Mounting Hardware	Mounting Hardware	General	Type
Photography>>Lighting & Studio>>Light Stands & Mounting>>Mounting Hardware	Mounting Hardware	General	Material
Photography>>Lighting & Studio>>Light Stands & Mounting>>Mounting Hardware	Mounting Hardware	General	Compatibility
Photography>>Lighting & Studio>>Light Stands & Mounting>>Mounting Hardware	Mounting Hardware	Mounting	Top Mounting
Photography>>Lighting & Studio>>Light Stands & Mounting>>Mounting Hardware	Mounting Hardware	Mounting	Bottom Mount
Photography>>Lighting & Studio>>Light Stands & Mounting>>Mounting Hardware	Mounting Hardware	Physical Details	Stud End Sizes
Photography>>Lighting & Studio>>Light Stands & Mounting>>Mounting Hardware	Mounting Hardware	Physical Details	Length
Photography>>Lighting & Studio>>Light Stands & Mounting>>Mounting Hardware	Mounting Hardware	Physical Details	Dimensions
Photography>>Lighting & Studio>>Light Stands & Mounting>>Mounting Hardware	Mounting Hardware	Physical Details	Weight
Home Electronics>>Home Theater>>Projectors	Projectors	General	Color
Home Electronics>>Home Theater>>Projectors	Projectors	General	Usage
Home Electronics>>Home Theater>>Projectors	Projectors	General	Remote
Home Electronics>>Home Theater>>Projectors	Projectors	General	Light Source
Home Electronics>>Home Theater>>Projectors	Projectors	General	Expected Lamp Life
Home Electronics>>Home Theater>>Projectors	Projectors	General	Operating Conditions
Home Electronics>>Home Theater>>Projectors	Projectors	Image Display	Resolution
Home Electronics>>Home Theater>>Projectors	Projectors	Image Display	Display System
Home Electronics>>Home Theater>>Projectors	Projectors	Image Display	Maximum Brightness
Home Electronics>>Home Theater>>Projectors	Projectors	Image Display	Aspect Ratio
Home Electronics>>Home Theater>>Projectors	Projectors	Image Display	HDR Support
Home Electronics>>Home Theater>>Projectors	Projectors	Image Display	Color Depth
Home Electronics>>Home Theater>>Projectors	Projectors	Image Display	3D Support
Home Electronics>>Home Theater>>Projectors	Projectors	Lens & Optics	Throw Ratio
Home Electronics>>Home Theater>>Projectors	Projectors	Lens & Optics	Throw Distance
Home Electronics>>Home Theater>>Projectors	Projectors	Lens & Optics	Projection Size
Home Electronics>>Home Theater>>Projectors	Projectors	Lens & Optics	Includes Lens
Home Electronics>>Home Theater>>Projectors	Projectors	Lens & Optics	Zoom
Home Electronics>>Home Theater>>Projectors	Projectors	Lens & Optics	Focus
Home Electronics>>Home Theater>>Projectors	Projectors	Lens & Optics	Lens Shift
Home Electronics>>Home Theater>>Projectors	Projectors	Lens & Optics	Focal Length
Home Electronics>>Home Theater>>Projectors	Projectors	Lens & Optics	Aperture
Home Electronics>>Home Theater>>Projectors	Projectors	Lens & Optics	Offset
Home Electronics>>Home Theater>>Projectors	Projectors	Features	Projection Method
Home Electronics>>Home Theater>>Projectors	Projectors	Features	Keystone Correction
Home Electronics>>Home Theater>>Projectors	Projectors	Features	Ceiling Mountable
Home Electronics>>Home Theater>>Projectors	Projectors	Features	Fan Noise
Home Electronics>>Home Theater>>Projectors	Projectors	Features	Security
Home Electronics>>Home Theater>>Projectors	Projectors	Features	Built-in Speakers
Home Electronics>>Home Theater>>Projectors	Projectors	Features	Media/Memory Card Slot
Home Electronics>>Home Theater>>Projectors	Projectors	Connectivity	Audio & Video I/O
Home Electronics>>Home Theater>>Projectors	Projectors	Connectivity	Other I/O
Home Electronics>>Home Theater>>Projectors	Projectors	Connectivity	Operating System
Home Electronics>>Home Theater>>Projectors	Projectors	Connectivity	Virtual Assistant
Home Electronics>>Home Theater>>Projectors	Projectors	Connectivity	Wireless
Home Electronics>>Home Theater>>Projectors	Projectors	Connectivity	Mobile App Compatible
Home Electronics>>Home Theater>>Projectors	Projectors	Connectivity	HDCP
Home Electronics>>Home Theater>>Projectors	Projectors	Connectiity	Multi-Input Support (PIP/PBP)
Home Electronics>>Home Theater>>Projectors	Projectors	Power	Input Power
Home Electronics>>Home Theater>>Projectors	Projectors	Power	Power Consumption
Home Electronics>>Home Theater>>Projectors	Projectors	Physical Details	Dimensions
Home Electronics>>Home Theater>>Projectors	Projectors	Physical Details	Weight